[
    {
      "id": 1,
      "title": "Yellow Pail",
      "description": "On-demand sand castle construction expertise.",
      "url": "#",
      "votes": 0,
      "submitterAvatarUrl": "images/avatars/daniel.jpg",
      "productImageUrl": "images/products/image-aqua.png"
    },
    {
      "id": 2,
      "title": "Supermajority: The Fantasy Congress League",
      "description": "Earn points when your favorite politicians pass legislation.",
      "url": "#",
      "votes": 0,
      "submitterAvatarUrl": "images/avatars/kristy.png",
      "productImageUrl": "images/products/image-rose.png"
    },
    {
      "id": 3,
      "title": "Tinfoild: Tailored tinfoil hats",
      "description": "We already have your measurements and shipping address.",
      "url": "#",
      "votes": 0,
      "submitterAvatarUrl": "images/avatars/veronika.jpg",
      "productImageUrl": "images/products/image-steel.png"
    },
    {
      "id": 4,
      "title": "Haught or Naught",
      "description": "High-minded or absent-minded? You decided",
      "url": "#",
      "votes": 0,
      "submitterAvatarUrl": "images/avatars/molly.png",
      "productImageUrl": "images/products/image-yellow.png"
    }
  ]